method,setting,n_cells,n_latent_dims,rep_key,leiden_key,ARI,NMI,Silhouette_ordinary,Silhouette_balanced_celltype,KNN_purity_ordinary,KNN_purity_balanced_celltype,n_paired,n_rna_only,n_atac_only,Modality_status_silhouette,Cross_modal_KNN_purity,Cross_modal_celltype_agreement,KNN_modality_entropy,observed_same_modality_fraction,expected_same_modality_fraction,same_modality_enrichment
MultiVI,r75,9618,20,X,multivi_r75_leiden,0.13578117748470456,0.47983713781661774,0.3506491658300089,0.34356068871545975,0.9462951410549665,0.9040245265148907,2404,3607,3607,3.862853873884265e-06,0.9447170764367295,0.9447170764367295,0.28119671191473977,0.8213211339848895,0.34376300051875597,2.389207485231028
GLUE,r75,9618,50,X,glue_r75_leiden,0.25592161918432665,0.5478569864872028,0.22250591488858618,0.239504166197817,0.9413876758854924,0.8970154773257224,2404,3607,3607,-0.021526352737165612,0.9404295122244507,0.9404295122244507,0.8243553540516824,0.4277881749497471,0.34376300051875597,1.244427626894671
MOFA+,r75,9618,20,X,mofa_r75_leiden,0.16672770381358332,0.5035407439446679,0.43432843836712476,0.36787285135021963,0.9272821792472448,0.8782785471811747,2404,3607,3607,-0.008165739837013042,0.9083295899734564,0.9083295899734564,0.6963692888627133,0.5154779233381853,0.34376300051875597,1.4995154294100956
