method,setting,n_cells,n_latent_dims,rep_key,leiden_key,ARI,NMI,Silhouette_ordinary,Silhouette_balanced_celltype,KNN_purity_ordinary,KNN_purity_balanced_celltype
MultiVI,paired,9618,20,X,multivi_leiden,0.13097239694061716,0.5196728841177984,0.33558171186669655,0.3911276946190985,0.989491924863104,0.9791210609878999
GLUE,paired,9618,50,X,glue_leiden,0.23183277063473828,0.5326170750217872,0.2509477779356956,0.2725891323953424,0.9466347820059611,0.9070273810185558
MOFA+,paired,9618,20,X,mofa_leiden,0.2074599632315798,0.4967658974247832,0.21100103265711412,0.193008812032551,0.9389062175088377,0.8941379474350002
